<application>
  <component name="MaterialThemeConfig">
    <option name="isWizardShown" value="true" />
    <option name="treeFontSizeEnabled" value="true" />
    <option name="tabFontSizeEnabled" value="true" />
    <option name="indicatorStyle" value="None" />
    <option name="accentColor" value="7e57c2" />
    <option name="secondAccentColor" />
    <option name="highlightColor" />
    <option name="focusColor" />
    <option name="selectedTheme" value="NIGHT_OWL" />
    <option name="userId" value="7f9712f3:18e06751b6f:-8000" />
    <option name="version" value="8.13.2" />
    <option name="tabHighlightPosition" value="Bottom" />
  </component>
</application>