<application>
  <component name="ProjectManager">
    <defaultProject>
      <component name="ProjectInspectionProfilesVisibleTreeState">
        <entry key="Project Default">
          <profile-state>
            <expanded-state>
              <State />
            </expanded-state>
            <selected-state>
              <State>
                <id>User defined</id>
              </State>
            </selected-state>
          </profile-state>
        </entry>
      </component>
      <component name="PropertiesComponent"><![CDATA[{
  "keyToString": {
    "settings.editor.selected.configurable": "reference.settingsdialog.IDE.editor.colors.Color Scheme Font"
  }
}]]></component>
      <component name="WindowStateProjectService">
        <state x="1920" y="74" width="1125" height="907" key="SettingsEditor" timestamp="1709505521663">
          <screen x="1920" y="0" width="1920" height="1080" />
        </state>
        <state x="1920" y="74" width="1125" height="907" key="SettingsEditor/0.28.1920.1052/1920.0.1920.1080" timestamp="1709505521663" />
      </component>
      <component name="masterDetails">
        <states>
          <state key="ScopeChooserConfigurable.UI">
            <settings>
              <splitter-proportions>
                <option name="proportions">
                  <list>
                    <option value="0.2" />
                  </list>
                </option>
              </splitter-proportions>
            </settings>
          </state>
        </states>
      </component>
    </defaultProject>
  </component>
</application>