<application>
  <component name="MaterialThemeConfig">
    <option name="isWizardShown" value="true" />
    <option name="treeFontSizeEnabled" value="true" />
    <option name="tabFontSizeEnabled" value="true" />
    <option name="indicatorStyle" value="None" />
    <option name="accentColor" value="7e57c2" />
    <option name="selectedTheme" value="NIGHT_OWL" />
    <option name="userId" value="-96ea77c:18e0675188e:-8000" />
    <option name="version" value="8.12.6" />
    <option name="tabHighlightPosition" value="Bottom" />
  </component>
</application>