<application>
  <component name="ProjectManager">
    <defaultProject>
      <component name="AutoImportSettings">
        <option name="autoReloadType" value="SELECTIVE" />
      </component>
      <component name="PropertiesComponent"><![CDATA[{
  "keyToString": {
    "settings.editor.selected.configurable": "configurable.group.editor"
  }
}]]></component>
      <component name="TaskManager">
        <task active="true" id="Default" summary="Default task">
          <created>1709506277481</created>
          <option name="number" value="Default" />
          <option name="presentableId" value="Default" />
          <updated>1709506277481</updated>
        </task>
        <servers />
      </component>
      <component name="WindowStateProjectService">
        <state x="2087" y="40" width="1125" height="911" key="SettingsEditor" timestamp="1709506321366">
          <screen x="1920" y="0" width="1920" height="1080" />
        </state>
        <state x="464" y="122" width="992" height="732" key="SettingsEditor/0.28.1920.1052" timestamp="1709493821487" />
        <state x="2087" y="40" width="1125" height="911" key="SettingsEditor/0.28.1920.1052/1920.0.1920.1080" timestamp="1709506321366" />
      </component>
    </defaultProject>
  </component>
</application>